firstName,lastName,email,jobTitle,countryCode,companyName,yearsInRole,phoneNumber
Iñaki,Álvarez,rodriguezbrian@smith.net,Restaurant manager,ES,Rogers Inc,10,+1-648-901-1274x3620
Curtis,Monson,curtismonson80@gmail.com,General practice doctor,US,Alexander-Smith,5,
Curtis,Monson,curtismonson80@gmail.com,General practice doctor,US,Alexander-Smith,5,
Micheal,,ewelch@yahoo.com,Financial trader,JO,Hayes Group,,
Gabrielle,,uharrington@austin.com,Secretary/administrator,XXX,Ray LLC,15,
James,,marilyngonzales@hotmail.com,Games developer,,,10,+1-627-991-1712x7922
Nicolas,,victor77@lawson-wyatt.com,Environmental consultant,MK,Murray and Sons,2,3467565048
Meghan,Williams,michael04@jones-marshall.com,Museum education officer,TH,Thomas PLC,15,
Kendra,Wright,invalid email,Investment analyst,KW,Montoya Inc,2,
Julia,Rodriguez,,Restaurant manager,XXX,Munoz-White,2,001-780-166-5134x703
Martin,,jessicathomas@rivera.com,"Production assistant, radio",SG,"Wang, Young and Rowland",10,
Janet,,sherry65@vaughan.info,Advertising copywriter,PA,Wright LLC,1,(816)237-0737x0663
Amanda,James,kevin03@beard.net,"Research officer, trade union",12,Page-Bond,15,+1-076-096-4074x6140
Amy,Stein,,"Scientist, product/process development",KI,Harris-Lee,5,
Latasha,Martin,aprilmcconnell@gmail.com,Diagnostic radiographer,XXX,Bates Inc,10,
,Miles,invalid email,Archaeologist,HR,Matthews-Maxwell,10,
Linda,Choi,ramireztracy@norton-jackson.biz,Applications developer,XXX,"Baker, Erickson and Bauer",10,372-363-8280
Leslie,,annahoffman@hotmail.com,Osteopath,AO,Hines-Wells,15,990-054-7491x78196
Stephen,Brown,lconrad@bennett.org,Forensic psychologist,FR,"Porter, Brown and Butler",1,
Jessica,Harris,invalid email,Operational researcher,TZ,Robinson PLC,5,
Raymond,,invalid email,,GD,Webb-Mason,5,
,,,,,,,
Steven,Hernandez,rodriguezbrian@smith.net,Restaurant manager,,Rogers Inc,10,+1-648-901-1274x3620
